﻿<metadata>
  <idinfo>
    <citation>
      <citeinfo>
        <origin>Illinois State Geological Survey</origin>
        <pubdate>19960101</pubdate>
        <title>Extent of Coalbearing Rocks of the Pennsylvanian System</title>
        <geoform>vector digital data</geoform>
        <serinfo>
          <sername>ISGS GIS Database</sername>
          <issue>/gisdb/illinois/bedrock/bedgeo</issue>
        </serinfo>
        <pubinfo>
          <pubplace>Champaign, Illinois</pubplace>
          <publish>Illinois State Geological Survey</publish>
        </pubinfo>
        <othercit>The map scale is 1:500,000</othercit>
        <onlink>http://www.isgs.illinois.edu/</onlink>
        <onlink>http://illinois.edu</onlink>
      </citeinfo>
    </citation>
    <descript>
      <abstract>This map shows the distribution and extent of the bedrock geologic units within the State of Illinois, as depicted on the Geologic Map of Illinois (1967) by Willman and others, published by the Illinois State Geologic Survey.</abstract>
      <purpose>This data can be used for any project which requires bedrock data at a scale of 1:500,000. This data should not be used at a scale larger than 1:500,000. Not suitable for site specific work.</purpose>
      <supplinf>Detailed structural features are available in separate data sets. See cross references.</supplinf>
    </descript>
    <timeperd>
      <timeinfo>
        <sngdate>
          <caldate>19670101</caldate>
        </sngdate>
      </timeinfo>
      <current>publication date</current>
    </timeperd>
    <status>
      <progress>Complete</progress>
      <update>As needed</update>
    </status>
    <spdom>
      <bounding>
        <westbc>-91.363753</westbc>
        <eastbc>-87.495214</eastbc>
        <northbc>41.830721</northbc>
        <southbc>37.362886</southbc>
      </bounding>
    </spdom>
    <keywords>
      <theme>
        <themekt>None</themekt>
        <themekey>bedrock</themekey>
        <themekey>geology</themekey>
        <themekey>coal</themekey>
        <themekey>Pennsylvanian</themekey>
        <themekey>Illinois basin</themekey>
      </theme>
      <theme>
        <themekt>ISO 19115 Topic Categories</themekt>
        <themekey>geoscientificInformation</themekey>
      </theme>
      <place>
        <placekt>None</placekt>
        <placekey>state</placekey>
        <placekey>Illinois</placekey>
      </place>
      <temporal>
        <tempkt>None</tempkt>
        <tempkey>Cretaceous</tempkey>
        <tempkey>Ordovician</tempkey>
        <tempkey>Silurian</tempkey>
        <tempkey>Mississippian</tempkey>
        <tempkey>Tertiary</tempkey>
        <tempkey>Pennsylvanian</tempkey>
        <tempkey>Cambrian</tempkey>
        <tempkey>Devonian</tempkey>
      </temporal>
    </keywords>
    <accconst>ISGS information must be obtained directly from the ISGS or from an authorized distributor. Be aware that ISGS information obtained from an unauthorized third party may have been altered subsequent to original distribution, or may no longer be current. Any access to these data, Web sites, computer systems, electronic services, and electronic networks is governed by University and campus policies, in particular, but not limited to, the Policy on Appropriate Use of Computers and Network Systems at the University of Illinois at Urbana-Champaign, the ISGS Terms of Use document available at the ISGS Web site, and the University of Illinois Web Privacy Notice. Links to these are provided in the Cross References section.</accconst>
    <useconst>ISGS information is the property of and copyrighted by the Board of Trustees of the University of Illinois with all rights reserved.  University copyright policy is stated in the General Rules Concerning University Organization and Procedure, Article III, Section 4. A link is provided in the Cross References section. Individuals or entities may make fair use of copyrighted ISGS material, such as reproducing a single figure or table, or using a brief text quotation, without obtaining formal permission, but in all cases the Illinois State Geological Survey must be credited as the source of the material. To reproduce ISGS information beyond the fair use standard, permission must be obtained from the ISGS Information Office, 615 East Peabody Drive, Champaign, Illinois 61820, 217-333-4747, isgs@isgs.illinois.edu. License fees and a license agreement may be required, depending on the proposed usage. Any use of these data is governed by University and campus policies, in particular, but not limited to, the Policy on Appropriate Use of Computers and Network Systems at the University of Illinois at Urbana-Champaign, the ISGS Terms of Use document available at the ISGS Web site, and the University of Illinois Web Privacy Notice. Links to these are provided in the Cross References section. Map information is to be used at a scientifically and cartographically appropriate scale, that is, at a scale no greater than indicated on the map or as described in the documentation of the map or map data.  Map information is not appropriate for, and is not to be used as, a geodetic, legal, or engineering base. Map information has no legal basis in the definition of boundaries or property lines and is not intended as a substitute for surveyed locations such as can be determined by a registered Public Land Surveyor. Should be used at a scale of 1:500,000 or smaller. For regional studies only. Not suitable for site specific work. The data do not replace the need for detailed site-specific studies.</useconst>
    <ptcontac>
      <cntinfo>
        <cntorgp>
          <cntorg>Illinois State Geological Survey - Coal Section</cntorg>
          <cntper>Scott Elrick</cntper>
        </cntorgp>
        <cntvoice>217-333-3222</cntvoice>
        <cntemail>elrick@isgs.illinois.edu</cntemail>
        <hours>8:00 am - 5:00 pm Monday - Friday</hours>
        <cntinst>Contact this individual ONLY for specific information about the use of this data set. For general questions about distribution, or availability of other data, please contact the Information Office listed under the Distribution Information section.</cntinst>
      </cntinfo>
    </ptcontac>
    <datacred>This source map was compiled in 1967 by H. B. Willman, John C. Frye, Jake A. Simon, Kenneth E. Clegg, D. H. Swann, Elwood Atherton, Charles Collinson, Jerry Lineback, and T. C. Buschbach. The following people reviewed all or portions of this coverage: ARCS 1/19/95 Matthew H. Riggs ARCS 1/21/95 Sandrine Elinski ARCS 2/1/95 C. Pius Weibel ARCS 2/8/95 Curtis Abert POLY 2/1/95 C. Pius Weibel POLY 2/8/95 Curt Abert Documentation: ISGS Staff, D. Nelson and S. Beaverson</datacred>
    <native>Microsoft Windows 7 Version 6.1 (Build 7601) Service Pack 1; Esri ArcGIS 10.1.0.3035</native>
    <crossref>
      <citeinfo>
        <origin>Illinois State Geological Survey</origin>
        <pubdate>19950101</pubdate>
        <title>Structural Features in Illinois: Point Locations of Impact Features, Explosion Features, Silurian Reefs, and Buried Precambrian Hills</title>
        <geoform>map</geoform>
        <serinfo>
          <sername>ISGS GIS Database</sername>
          <issue>/gisdb/illinois/bedrock/structpnts</issue>
        </serinfo>
        <pubinfo>
          <pubplace>Champaign, IL</pubplace>
          <publish>Illinois State Geological Survey</publish>
        </pubinfo>
        <othercit>The map scale is 1:500,000. Includes impact features, explosion features, Silurian reefs, and buried Precambrian hills as depicted in ISGS Bulletin 100, Plate 1.</othercit>
      </citeinfo>
    </crossref>
    <crossref>
      <citeinfo>
        <origin>Herzog, B.L.. B.J. Stiff, C.A. Chenoweth, K.L. Warner, J.B. Sievering, C. Avery</origin>
        <pubdate>19940101</pubdate>
        <title>Buried Bedrock Surface of Illinois</title>
        <geoform>map</geoform>
        <serinfo>
          <sername>ISGS GIS Database</sername>
          <issue>/gisdb/illinois/bedrock/bedtopo</issue>
        </serinfo>
        <pubinfo>
          <pubplace>Champaign, IL</pubplace>
          <publish>Illinois State Geological Survey</publish>
        </pubinfo>
        <othercit>Scale is 1:500,000. This is the digital version of ISGS Map Series, Illinois Map 5.</othercit>
      </citeinfo>
    </crossref>
    <crossref>
      <citeinfo>
        <title>ISGS Terms of Use</title>
        <onlink>http://www.isgs.illinois.edu</onlink>
      </citeinfo>
    </crossref>
    <crossref>
      <citeinfo>
        <origin>Illinois State Geological Survey</origin>
        <pubdate>19950101</pubdate>
        <title>Structural Features in Illinois: Faults</title>
        <geoform>map</geoform>
        <pubinfo>
          <pubplace>Champaign, IL</pubplace>
          <publish>Illinois State Geological Survey</publish>
        </pubinfo>
        <othercit>The map scale is 1:500,000. Included features are faults as depicted in ISGS Bulletin 100, Plate 1.</othercit>
      </citeinfo>
    </crossref>
    <crossref>
      <citeinfo>
        <origin>Illinois State Geological Survey</origin>
        <pubdate>19950101</pubdate>
        <title>Structural Features in Illinois: Line Features (Axial or Flexure) of Anticlines, Synclines and Monoclines</title>
        <geoform>map</geoform>
        <serinfo>
          <sername>ISGS GIS Database</sername>
          <issue>/gisdb/illinois/bedrock/structclines</issue>
        </serinfo>
        <pubinfo>
          <pubplace>Champaign, IL</pubplace>
          <publish>Illinois State Geological Survey</publish>
        </pubinfo>
        <othercit>The map scale is 1:500,000. Included features are anticlines, synclines and monoclines as depicted in ISGS Bulletin 100, Plate 1.</othercit>
      </citeinfo>
    </crossref>
    <crossref>
      <citeinfo>
        <origin>Barb Stiff, Illinois State Geological Survey</origin>
        <pubdate>19970101</pubdate>
        <title>Customized Arc/Info Look Up Table bedgeo.lup</title>
        <geoform>INFO file</geoform>
        <serinfo>
          <sername>ISGS GIS Database</sername>
          <issue>/gisdb/ancillary!bedgeo.lup</issue>
        </serinfo>
        <othercit>This look up table should be used in ArcPlot in conjunction with shadeset bjselect.shd to produce a bedrock geology map in standard ISGS colors. AML syntax is: &gt; /*--------------- &gt; shadeset bjselect &gt; polygonshades /gisdb/illinois/bedrock/bedgeo bed-geo ~ &gt; /gisdb/ancillary!bedgeo.lup &gt; /*---------------</othercit>
      </citeinfo>
    </crossref>
    <crossref>
      <citeinfo>
        <origin>Illinois State Geological Survey</origin>
        <pubdate>19950101</pubdate>
        <title>Structural Features in Illinois: Areal Extent of Anticlines, Domes, and the Glasford Disturbance (Polygon Features)</title>
        <geoform>map</geoform>
        <serinfo>
          <sername>ISGS GIS Database</sername>
          <issue>/gisdb/illinois/bedrock/structpoly</issue>
        </serinfo>
        <pubinfo>
          <pubplace>Champaign, IL</pubplace>
          <publish>Illinois State Geological Survey</publish>
        </pubinfo>
        <othercit>The map scale is 1:500,000. Included features are anticlines, domes and Glasford Disturbance as depicted in ISGS Bulletin 100, Plate 1.</othercit>
      </citeinfo>
    </crossref>
    <crossref>
      <citeinfo>
        <origin>Barb Stiff, Illinois State Geological Survey</origin>
        <pubdate>19970101</pubdate>
        <title>Customized Arc/Info Shadeset bjselect.shd</title>
        <geoform>Arc/Info shadeset file</geoform>
        <serinfo>
          <sername>ISGS GIS Database</sername>
          <issue>bjselect.shd</issue>
        </serinfo>
        <othercit>This shadeset should be used in ArcPlot in conjunction with lookup table /gisdb/ancillary!bedgeo.lup to produce a bedrock geology map in standard ISGS colors. AML syntax is: &gt; /*--------------- &gt; shadeset bjselect &gt; polygonshades /gisdb/illinois/bedrock/bedgeo bed-geo ~ &gt; /gisdb/ancillary!bedgeo.lup &gt; /*---------------</othercit>
      </citeinfo>
    </crossref>
    <crossref>
      <citeinfo>
        <title>University Copyright Policy (stated in the General Rules Concerning University Organization and Procedure, Article III, Section 4)</title>
        <onlink>http://www.uillinois.edu/trustees/rules.cfm#sec34</onlink>
      </citeinfo>
    </crossref>
    <crossref>
      <citeinfo>
        <title>University of Illinois Web Privacy Notice</title>
        <onlink>http://www.vpaa.uillinois.edu/policies/web_privacy.cfm</onlink>
      </citeinfo>
    </crossref>
    <crossref>
      <citeinfo>
        <title>Policy on Appropriate Use of Computers and Network Systems at the University of Illinois at Urbana-Champaign</title>
        <onlink>http://www.fs.uiuc.edu/cam/CAM/viii/viii-1.1.html</onlink>
      </citeinfo>
    </crossref>
  </idinfo>
  <dataqual>
    <attracc>
      <attraccr>The published paper geological map from the ISGS was the source for feature attributes. Attribute code assignments were checked by three individuals and are believed to fully representative of the source document.</attraccr>
    </attracc>
    <logic>Chain-node topology is present. This data set was checked for complete chain-node topology (no dangling arcs, except where appropriate), boundary values appropriate for map projection and map units, and appropriate "fuzzy" tolerances. There are no known arc attribute values outside the appropriate value domains. There are 116 dangling arcs. representing the endpoints of fault lines as depicted on source maps.</logic>
    <complete>This data set contains geologic units and fault lines as depicted on the source map. There are many additional features on the source map that are not depicted in this coverage, for example, geologic columns, cross-sections and other thematic insets. Quaternary materials are not shown.</complete>
    <posacc>
      <horizpa>
        <horizpar>Horizontal positional accuracy of this data with respect to the source map was verified by three individuals by visual comparison (manual overlay) of source maps and hard-copy plots. Arcs within one line-width of source mylars were deemed acceptable.</horizpar>
      </horizpa>
    </posacc>
    <lineage>
      <srcinfo>
        <srccite>
          <citeinfo>
            <origin>H. B. Willman, John C. Frye, Jake A. Simon, Kenneth E. Clegg, D. H. Swann, Elwood Atherton, Charles Collinson, Jerry Lineback, and T. C. Buschbach.</origin>
            <pubdate>19670101</pubdate>
            <title>Geologic Map of Illinois</title>
            <geoform>map</geoform>
            <serinfo>
              <sername>ISGS Map</sername>
              <issue>same as title</issue>
            </serinfo>
            <pubinfo>
              <pubplace>Capitol Heights, MD</pubplace>
              <publish>Williams and Heintz Map Corp.</publish>
            </pubinfo>
          </citeinfo>
        </srccite>
        <srcscale>500</srcscale>
        <typesrc>None</typesrc>
        <srctime>
          <timeinfo>
            <sngdate>
              <caldate>19670101</caldate>
            </sngdate>
          </timeinfo>
          <srccurr>publication date</srccurr>
        </srctime>
        <srccitea>Geologic Map of Illinois</srccitea>
        <srccontr>geologic unit outlines and attributes, and fault lines.</srccontr>
      </srcinfo>
      <procstep>
        <procdesc>The final coverage is a single precision coverage and had been cleaned with a fuzzy tol of 1 and dangle of 1. It was reviewed as described under data quality information.</procdesc>
        <procdate>unknown</procdate>
      </procstep>
      <procstep>
        <procdesc>Larger scale PMTs were created of the mylar coverage. These PMTs were used during the digitizing process. The statewide coverage was split into 3 separate areas (for there were 3 people digitizing) These were northwest, southwest and east. The arcs were digitized for each area and the areas combined to form a statewide bedrock geology map.</procdesc>
        <procdate>unknown</procdate>
      </procstep>
      <procstep>
        <procdesc>Pennsylvanian Formations selected and dissolved to obtain this extent.</procdesc>
        <procdate>unknown</procdate>
      </procstep>
      <procstep>
        <procdesc>A TIC coverage was created by plotting a copy of the townships coverage, /illinois/illimap/townships, and comparing the township lines in this plot to those on the mylar. The township intersections which corresponded within linewidth accuracy were marked and used to create a TIC coverage.</procdesc>
        <procdate>unknown</procdate>
      </procstep>
      <procstep>
        <procdesc>Once the linework had been checked (several times) the coverage was built as a polygon coverage. Labels were then created using the CREATELABELS command. A plot was then generated containing the labels for each polygon as well as the arcs. This plot was then compared to the published map and a table was created containing the polygon label and the code for the designated geologic unit. This table was entered into INFO and an item was added to both the poly coverage and the info table. A relate was established and the geologic values moved to the appropriate item in the polygon PAT.</procdesc>
        <procdate>unknown</procdate>
      </procstep>
      <procstep>
        <procdesc>A mylar copy of this map was ordered from the publisher (William and Heintz). The mylar contained a state boundary, counties, township lines, geologic unit boundaries and labels. The map scale was 1:500,000.</procdesc>
        <procdate>unknown</procdate>
      </procstep>
    </lineage>
  </dataqual>
  <spdoinfo>
    <direct>Vector</direct>
    <ptvctinf>
      <sdtsterm>
        <sdtstype>GT-polygon composed of chains</sdtstype>
        <ptvctcnt>129</ptvctcnt>
      </sdtsterm>
    </ptvctinf>
  </spdoinfo>
  <spref>
    <horizsys>
      <geograph>
        <latres>8.9831528411952133e-009</latres>
        <longres>8.9831528411952133e-009</longres>
        <geogunit>Decimal Degrees</geogunit>
      </geograph>
      <geodetic>
        <horizdn>D North American 1983</horizdn>
        <ellips>GRS 1980</ellips>
        <semiaxis>6378137.0</semiaxis>
        <denflat>298.257222101</denflat>
      </geodetic>
    </horizsys>
  </spref>
  <eainfo>
    <detailed>
      <enttyp>
        <enttypl>IL_Pennsylvanian_Extent_Py</enttypl>
      </enttyp>
      <attr>
        <attrlabl>Shape_Area</attrlabl>
        <attrdef>Area of feature in internal units squared.</attrdef>
        <attrdefs>Esri</attrdefs>
        <attrdomv>
          <udom>Positive real numbers that are automatically generated.</udom>
        </attrdomv>
      </attr>
      <attr>
        <attrlabl>Shape_Length</attrlabl>
        <attrdef>Length of feature in internal units.</attrdef>
        <attrdefs>Esri</attrdefs>
        <attrdomv>
          <udom>Positive real numbers that are automatically generated.</udom>
        </attrdomv>
      </attr>
      <attr>
        <attrlabl>AREA</attrlabl>
      </attr>
      <attr>
        <attrlabl>PERIMETER</attrlabl>
      </attr>
      <attr>
        <attrlabl>IL_PENN_XTNT_</attrlabl>
      </attr>
      <attr>
        <attrlabl>IL_PENN_XTNT_ID</attrlabl>
      </attr>
      <attr>
        <attrlabl>OBJECTID</attrlabl>
        <attrdef>Internal feature number.</attrdef>
        <attrdefs>ESRI</attrdefs>
        <attrdomv>
          <udom>Sequential unique whole numbers that are automatically generated.</udom>
        </attrdomv>
      </attr>
      <attr>
        <attrlabl>Shape</attrlabl>
        <attrdef>Feature geometry.</attrdef>
        <attrdefs>ESRI</attrdefs>
        <attrdomv>
          <udom>Coordinates defining the features.</udom>
        </attrdomv>
      </attr>
    </detailed>
    <overview>
      <eaover>&gt; Attribute items are in typical ARC/INFO feature class format. &gt; Those requiring additional explanation are: &gt; &gt; Polygon Attributes: &gt; BED-GEO - four digit numerical designator for name of geologic unit &gt; &gt; BED-GEO GEOLOGIC UNIT &gt; 1200 Tertiary - Undifferentiated &gt; &gt; 1360 Cretaceous - Undifferentiated &gt; &gt; 1550 Pennsylvanian - Mattoon &gt; 1880 Pennsylvanian - Bond &gt; 2120 Pennsylvanian - Modesto &gt; 2480 Pennsylvanian - Carbondale &gt; 3030 Pennsylvanian - Spoon &gt; 3540 Pennsylvanian - Abbott &gt; 3820 Pennsylvanian - Caseyville &gt; &gt; 4025 Mississippian - Upper Chesterian &gt; 4265 Mississippian - Lower Chesterian &gt; 5005 Mississippian - Upper Valmeyeran &gt; 5175 Mississippian - Middle Valmeyeran &gt; 5255 Mississippian - Lower Valmeyeran &gt; 5420 Mississippian - Kinderhookian &gt; &gt; 5810 Devonian - Upper &gt; 5880 Devonian - Middle &gt; 6170 Devonian - Lower &gt; &gt; 6700 Silurian - Undifferentiated &gt; &gt; 7390 Ordovician - Maquoketa &gt; 7550 Ordovician - Galena-Platteville &gt; 8160 Ordovician - Ancell &gt; 8420 Ordovician - Prairie du Chien &gt; &gt; 8550 Cambrian - Undifferentiated &gt; &gt; &gt; Arc Attributes: &gt; FAULT - indicates whether or not arc represents a fault &gt; 0 - other &gt; 1 - fault</eaover>
    </overview>
  </eainfo>
  <distinfo>
    <distrib>
      <cntinfo>
        <cntorgp>
          <cntorg>Information Office, Illinois State Geological Survey (ISGS), a division of the Institute of Natural Resource Sustainability (INRS) of the University of Illinois</cntorg>
        </cntorgp>
        <cntaddr>
          <addrtype>mailing and physical</addrtype>
          <address>615 East Peabody Drive</address>
          <city>Champaign</city>
          <state>Illinois</state>
          <postal>61820</postal>
          <country>US</country>
        </cntaddr>
        <cntvoice>217-333-4747</cntvoice>
        <cnttdd>217-785-0211</cnttdd>
        <cntemail>isgs@isgs.illinois.edu</cntemail>
        <hours>8:00 a.m. - 4:30 p.m., Monday-Friday, U.S. Central Time</hours>
      </cntinfo>
    </distrib>
    <distliab>Refer to the Legal Notices of Terms and Conditions of the University of Illinois Web Privacy Policy (there is a link in the Cross References section) for policy statements regarding the following: Disclaimer of Liability Disclaimer of Warranties and Accuracy of Data Disclaimer of Endorsement Disclaimer for External Links Disclaimer of Duty to Continue Provision of Data Security Choice of Law By obtaining these data you agree to the provisions of the University of Illinois Web Privacy Policy, regardless of the manner in which the information was obtained.</distliab>
  </distinfo>
  <metainfo>
    <metd>20130305</metd>
    <metc>
      <cntinfo>
        <!--no contact person or organization name available-->
        <cntinst>Please refer to the Distribution Information section.</cntinst>
      </cntinfo>
    </metc>
    <metstdn>FGDC Content Standard for Digital Geospatial Metadata</metstdn>
    <metstdv>FGDC-STD-001-1998</metstdv>
    <mettc>local time</mettc>
    <metac>The access constraints as stated for the data apply also to the metadata. Refer to the Access Constraints section of the Identification Information section.</metac>
    <metuc>The use constraints as stated for the data apply also to the metadata. Refer to the Use Constraints section of the Identification Information section.</metuc>
  </metainfo>
</metadata>