<metadata xml:lang="en"><Esri><CreaDate>20140912</CreaDate><CreaTime>13111400</CreaTime><ArcGISFormat>1.0</ArcGISFormat><ArcGISstyle>North American Profile of ISO19115 2003</ArcGISstyle><SyncOnce>FALSE</SyncOnce><DataProperties><itemProps><itemLocation><linkage Sync="TRUE">file://\\ISGS-MYERS\C$\Users\amyers76\Desktop\earth_mri\phase_3\all-coal-mines\all_coal_mines_py.shp</linkage><protocol Sync="TRUE">Local Area Network</protocol></itemLocation><itemName Sync="TRUE">all_coal_mines_py</itemName><nativeExtBox><westBL Sync="TRUE">2593993.731505</westBL><eastBL Sync="TRUE">3566994.500066</eastBL><southBL Sync="TRUE">1595958.475989</southBL><northBL Sync="TRUE">3113739.250132</northBL><exTypeCode Sync="TRUE">1</exTypeCode></nativeExtBox><imsContentType Sync="TRUE" export="False">002</imsContentType><itemSize Sync="TRUE">14.768</itemSize></itemProps><copyHistory><copy source="\\sinkhole\coal\mines\quadrangle\tiles\statewide\m1640py" dest="\\ISGS-MYERS\E$\statewide\moa_quad_covers\m1640py" date="20130716" time="10054100"/></copyHistory><coordRef><type Sync="TRUE">Projected</type><geogcsn Sync="TRUE">GCS_North_American_1927</geogcsn><csUnits Sync="TRUE">Linear Unit: Foot_US (0.304801)</csUnits><projcsn Sync="TRUE">NAD_1927_Lambert_Conformal_Conic</projcsn><peXml Sync="TRUE">&lt;ProjectedCoordinateSystem xsi:type='typens:ProjectedCoordinateSystem' xmlns:xsi='http://www.w3.org/2001/XMLSchema-instance' xmlns:xs='http://www.w3.org/2001/XMLSchema' xmlns:typens='http://www.esri.com/schemas/ArcGIS/10.3'&gt;&lt;WKT&gt;PROJCS[&amp;quot;NAD_1927_Lambert_Conformal_Conic&amp;quot;,GEOGCS[&amp;quot;GCS_North_American_1927&amp;quot;,DATUM[&amp;quot;D_North_American_1927&amp;quot;,SPHEROID[&amp;quot;Clarke_1866&amp;quot;,6378206.4,294.9786982]],PRIMEM[&amp;quot;Greenwich&amp;quot;,0.0],UNIT[&amp;quot;Degree&amp;quot;,0.0174532925199433]],PROJECTION[&amp;quot;Lambert_Conformal_Conic&amp;quot;],PARAMETER[&amp;quot;False_Easting&amp;quot;,2999994.0],PARAMETER[&amp;quot;False_Northing&amp;quot;,0.0],PARAMETER[&amp;quot;Central_Meridian&amp;quot;,-89.5],PARAMETER[&amp;quot;Standard_Parallel_1&amp;quot;,33.0],PARAMETER[&amp;quot;Standard_Parallel_2&amp;quot;,45.0],PARAMETER[&amp;quot;Latitude_Of_Origin&amp;quot;,33.0],UNIT[&amp;quot;Foot_US&amp;quot;,0.3048006096012192]]&lt;/WKT&gt;&lt;XOrigin&gt;-118274100&lt;/XOrigin&gt;&lt;YOrigin&gt;-93411100&lt;/YOrigin&gt;&lt;XYScale&gt;37135708.509652883&lt;/XYScale&gt;&lt;ZOrigin&gt;-100000&lt;/ZOrigin&gt;&lt;ZScale&gt;10000&lt;/ZScale&gt;&lt;MOrigin&gt;-100000&lt;/MOrigin&gt;&lt;MScale&gt;10000&lt;/MScale&gt;&lt;XYTolerance&gt;0.0032808333333333331&lt;/XYTolerance&gt;&lt;ZTolerance&gt;0.001&lt;/ZTolerance&gt;&lt;MTolerance&gt;0.001&lt;/MTolerance&gt;&lt;HighPrecision&gt;true&lt;/HighPrecision&gt;&lt;/ProjectedCoordinateSystem&gt;</peXml></coordRef><lineage/></DataProperties><SyncDate>20201021</SyncDate><SyncTime>14021600</SyncTime><ModDate>20201021</ModDate><ModTime>14021600</ModTime><scaleRange><minScale>150000000</minScale><maxScale>5000</maxScale></scaleRange><ArcGISProfile>FGDC</ArcGISProfile></Esri><mdLang><languageCode value="eng"/><countryCode value="USA" Sync="TRUE"/></mdLang><mdChar><CharSetCd value="004"/></mdChar><mdHrLv><ScopeCd value="005"/></mdHrLv><mdContact xmlns=""><rpIndName>Alan Myers, Scott Elrick</rpIndName><rpOrgName>Illinois State Geological Survey</rpOrgName><rpCntInfo xmlns=""><cntPhone><voiceNum tddtty="">217-244-2423</voiceNum><voiceNum tddtty="">217-333-3222</voiceNum><faxNum>217-333-2830</faxNum></cntPhone><cntAddress addressType="both"><delPoint>615 East Peabody Drive</delPoint><city>Champaign</city><adminArea>Illinois</adminArea><postCode>61820</postCode><country>US</country><eMailAdd>amyers76@illinois.edu</eMailAdd><eMailAdd>elrick@illinois.edu</eMailAdd></cntAddress></rpCntInfo><role><RoleCd value="007"/></role></mdContact><mdDateSt Sync="TRUE">20201021</mdDateSt><mdStanName>ArcGIS Metadata</mdStanName><mdStanVer>1.0</mdStanVer><distInfo xmlns=""><distributor xmlns=""><distorCont><rpOrgName>Information Office, Illinois State Geological Survey (ISGS), a division of the Institute of Natural Resource Sustainability (INRS) of the University of Illinois</rpOrgName><rpCntInfo><cntPhone><voiceNum>217-333-4747</voiceNum><voiceNum tddtty="True">217-785-0211</voiceNum></cntPhone><cntAddress addressType="both"><delPoint>615 East Peabody Drive</delPoint><city>Champaign</city><adminArea>Illinois</adminArea><postCode>61820</postCode><country>US</country><eMailAdd>isgs@isgs.illinois.edu</eMailAdd></cntAddress><cntHours>8:00 a.m. - 4:30 p.m., Monday-Friday, U.S. Central Time</cntHours></rpCntInfo><role><RoleCd value="005"/></role></distorCont></distributor><distTranOps xmlns=""><onLineSrc xmlns=""><linkage>http://illinois.edu</linkage><orFunct><OnFunctCd value="001"></OnFunctCd></orFunct></onLineSrc><onLineSrc xmlns=""><linkage>http://www.isgs.illinois.edu/</linkage></onLineSrc><transSize Sync="TRUE">14.768</transSize></distTranOps><distFormat xmlns=""><formatName Sync="TRUE">Shapefile</formatName></distFormat></distInfo><dataIdInfo><idCitation xmlns=""><resTitle Sync="TRUE">all_coal_mines_py</resTitle><date><pubDate>2009-01-01T00:00:00</pubDate></date><resEd>Version 2.2, 2009</resEd><citRespParty><rpOrgName>Illinois State Geological Survey</rpOrgName><role><RoleCd value="006"/></role></citRespParty><citRespParty><rpOrgName>Illinois State Geological Survey</rpOrgName><rpCntInfo><cntAddress><delPoint>Champaign, Illinois</delPoint></cntAddress></rpCntInfo><role><RoleCd value="010"/></role></citRespParty><presForm xmlns=""><PresFormCd value="005"/></presForm><presForm xmlns=""><fgdcGeoform>vector digital data</fgdcGeoform></presForm><datasetSeries><seriesName>ISGS GIS Database</seriesName><issId>m1640py_state</issId></datasetSeries></idCitation><idAbs>&lt;DIV STYLE="text-align:Left;"&gt;&lt;DIV&gt;&lt;DIV&gt;&lt;P&gt;&lt;SPAN&gt;Outlines of areas mined for the Wade Coal in Illinois. Mining in this seam ceased ca. 1940. This information was extracted from detailed coal mine data stored in the ISGS Coal Section library database. Lines delineate the approximate outer boundary of individual mines (if known) or general mined areas. Interior mine boundaries such as pillars or small blocks of unmined coal are commonly not depicted. Outlines have been compiled from a variety of sources. Outlines of areas mined before 1987 are commonly from source maps at scales of 1:62,500 or smaller. Outlines of areas mined since 1987 are commonly digitized at scales ranging from 1:4800 to 1:12,000. Mines whose extent is not known or which only mined a few acres are not included in this coverage. Additional information is available from the Coal Section of the Illinois State Geological Survey. Mine outlines from completed Coal Mine Quadrangle Studies were included in this feature class if applicable. An ongoing study, the detailed Coal Mine Quadrangle maps depict the best-known position of mine boundaries with respect to individual properties as located on a USGS topographic map image base. For a list of completed quadrangles please visit the ISGS Coal Section website or contact the Coal Section. This datafile was compiled and updated in 2014 in order to provide a current, state-wide data set showing surface and underground coal mines of the Wade Coal. Due to the wide range of source map scales, these data are suitable for regional applications only at the 1:100,000 scale or smaller.&lt;/SPAN&gt;&lt;/P&gt;&lt;/DIV&gt;&lt;/DIV&gt;&lt;/DIV&gt;</idAbs><idPurp>These data are appropriate for use in local and regional thematic analysis. The data are not appropriate as a geodetic, legal or engineering base. The data set was originally created for the purpose of producing maps of well locations in Illinois for geologic research by the ISGS and others. It serves as an important base cartographic element for many types of maps and has been widely distributed and used outside the ISGS. The data set was not and is not intended as a substitute for surveyed locations, such as can be determined by a registered Public Land Surveyor. Although useful in a GIS as a reference base layer for maps, the data set has no legal basis in the definition of boundaries or property lines.</idPurp><idCredit>Data capture, compilation and library maintenance: Marge Bargh, Colin Treworgy, and other ISGS Coal Section staff Compilation of library tiles to create this product: Chris Korose Documentation: Cheri Chenoweth, Chris Korose, and Alan Myers Quality Review: Cheri Chenoweth, Chris Korose, and Alan Myers</idCredit><idStatus><ProgCd value="001"/></idStatus><idPoC xmlns=""><rpIndName>Scott Elrick</rpIndName><rpOrgName>Illinois State Geological Survey - Coal Section</rpOrgName><rpCntInfo xmlns=""><cntPhone><voiceNum tddtty="">217-333-3222</voiceNum><faxNum>217-333-2830</faxNum></cntPhone><cntAddress addressType="postal"><delPoint>615 East Peabody Drive</delPoint><city>Champaign</city><adminArea>Illinois</adminArea><postCode>61820</postCode><country>US</country><eMailAdd>elrick@illinois.edu</eMailAdd></cntAddress><cntHours>8:00 a.m. - 5:00 p.m., Monday-Friday</cntHours><cntInstr>Contact this individual ONLY for specific information about the use of this data set. For general questions about distribution, or availability of other data, please contact the Information Office listed under the Distribution Information section.</cntInstr></rpCntInfo><role><RoleCd value="007"/></role></idPoC><resMaint><maintFreq><MaintFreqCd value="008"/></maintFreq></resMaint><placeKeys xmlns=""><keyword>Illinois</keyword></placeKeys><stratKeys xmlns=""><keyword>Wade Coal</keyword></stratKeys><themeKeys xmlns=""><keyword>geology</keyword><keyword>mines</keyword><keyword>minerals</keyword><keyword>resources</keyword><keyword>coal</keyword></themeKeys><searchKeys><keyword>geology</keyword><keyword>mines</keyword><keyword>minerals</keyword><keyword>Wade Coal</keyword><keyword>resources</keyword><keyword>coal</keyword><keyword>Illinois</keyword></searchKeys><resConst><LegConsts><useLimit>Refer to the Legal Notices of Terms and Conditions of the University of Illinois Web Privacy Policy (there is a link in the Cross References section) for policy statements regarding the following: Disclaimer of Liability Disclaimer of Warranties and Accuracy of Data Disclaimer of Endorsement Disclaimer for External Links Disclaimer of Duty to Continue Provision of Data Security Choice of Law By obtaining these data you agree to the provisions of the University of Illinois Web Privacy Policy, regardless of the manner in which the information was obtained.</useLimit><othConsts>ISGS information must be obtained directly from the ISGS or from an authorized distributor. Be aware that ISGS information obtained from an unauthorized third party may have been altered subsequent to original distribution, or may no longer be current. Any access to these data, Web sites, computer systems, electronic services, and electronic networks is governed by University and campus policies, in particular, but not limited to, the Policy on Appropriate Use of Computers and Network Systems at the University of Illinois at Urbana-Champaign, the ISGS Terms of Use document available at the ISGS Web site, and the University of Illinois Web Privacy Notice. Links to these are provided in the Cross References section.</othConsts></LegConsts></resConst><resConst><Consts><useLimit>&lt;DIV STYLE="text-align:Left;"&gt;&lt;DIV&gt;&lt;DIV&gt;&lt;P&gt;&lt;SPAN&gt;ISGS information is the property of and copyrighted by the Board of Trustees of the University of Illinois with all rights reserved. University copyright policy is stated in the General Rules Concerning University Organization and Procedure, Article III, Section 4. A link is provided in the Cross References section. Individuals or entities may make fair use of copyrighted ISGS material, such as reproducing a single figure or table, or using a brief text quotation, without obtaining formal permission, but in all cases the Illinois State Geological Survey must be credited as the source of the material. To reproduce ISGS information beyond the fair use standard, permission must be obtained from the ISGS Information Office, 615 East Peabody Drive, Champaign, Illinois 61820, 217-333-4747, isgs@isgs.illinois.edu. License fees and a license agreement may be required, depending on the proposed usage. Any use of these data is governed by University and campus policies, in particular, but not limited to, the Policy on Appropriate Use of Computers and Network Systems at the University of Illinois at Urbana-Champaign, the ISGS Terms of Use document available at the ISGS Web site, and the University of Illinois Web Privacy Notice. Links to these are provided in the Cross References section. Map information is to be used at a scientifically and cartographically appropriate scale, that is, at a scale no greater than indicated on the map or as described in the documentation of the map or map data. Map information is not appropriate for, and is not to be used as, a geodetic, legal, or engineering base. Map information has no legal basis in the definition of boundaries or property lines and is not intended as a substitute for surveyed locations such as can be determined by a registered Public Land Surveyor. The data do not replace the need for detailed site-specific studies.&lt;/SPAN&gt;&lt;/P&gt;&lt;/DIV&gt;&lt;/DIV&gt;&lt;/DIV&gt;</useLimit></Consts></resConst><aggrInfo><aggrDSName><resTitle>University Copyright Policy (stated in the General Rules Concerning University Organization and Procedure, Article III, Section 4)</resTitle><citOnlineRes><linkage>http://www.uillinois.edu/trustees/rules.cfm#sec34</linkage></citOnlineRes></aggrDSName><assocType><AscTypeCd value="001"/></assocType></aggrInfo><aggrInfo><aggrDSName><resTitle>Policy on Appropriate Use of Computers and Network Systems at the University of Illinois at Urbana-Champaign</resTitle><citOnlineRes><linkage>http://www.fs.uiuc.edu/cam/CAM/viii/viii-1.1.html</linkage></citOnlineRes></aggrDSName><assocType><AscTypeCd value="001"/></assocType></aggrInfo><aggrInfo><aggrDSName><resTitle>ISGS Terms of Use</resTitle><citOnlineRes><linkage>http://www.isgs.illinois.edu</linkage></citOnlineRes></aggrDSName><assocType><AscTypeCd value="001"/></assocType></aggrInfo><aggrInfo><aggrDSName><resTitle>University of Illinois Web Privacy Notice</resTitle><citOnlineRes><linkage>http://www.vpaa.uillinois.edu/policies/web_privacy.cfm</linkage></citOnlineRes></aggrDSName><assocType><AscTypeCd value="001"/></assocType></aggrInfo><spatRpType><SpatRepTypCd value="001"/></spatRpType><dataLang><languageCode value="eng"/><countryCode value="USA" Sync="TRUE"/></dataLang><envirDesc Sync="TRUE"> Version 6.2 (Build 9200) ; Esri ArcGIS 10.3.1.4959</envirDesc><dataExt><exDesc>Publication date of sources</exDesc></dataExt><dataExt><geoEle><GeoBndBox><westBL>-88.699568</westBL><eastBL>-88.608631</eastBL><southBL>37.394083</southBL><northBL>37.598868</northBL></GeoBndBox></geoEle></dataExt><dataExt><geoEle xmlns=""><GeoBndBox esriExtentType="search"><exTypeCode Sync="TRUE">1</exTypeCode><westBL Sync="TRUE">-90.990614</westBL><eastBL Sync="TRUE">-87.418458</eastBL><northBL Sync="TRUE">41.586588</northBL><southBL Sync="TRUE">37.380969</southBL></GeoBndBox></geoEle></dataExt><tpCat><TopicCatCd value="008"/></tpCat></dataIdInfo><mdMaint><maintFreq><MaintFreqCd value="012"/></maintFreq><maintNote>Last metadata review date: 20090625</maintNote></mdMaint><mdConst><LegConsts><accessConsts><RestrictCd value="008"/></accessConsts><othConsts>The access constraints as stated for the data apply also to the metadata. Refer to the Access Constraints section of the Identification Information section.</othConsts></LegConsts></mdConst><mdConst><Consts><useLimit>The use constraints as stated for the data apply also to the metadata. Refer to the Use Constraints section of the Identification Information section.</useLimit></Consts></mdConst><dqInfo><dqScope><scpLvl><ScopeCd value="005"/></scpLvl></dqScope><report type="DQTopConsis"><evalMethDesc>Polygon and chain-node topology is present. The coverage was checked for complete chain-node topology (no dangling arcs, except where appropriate), polygon labels (one per polygon, except for universal polygon), boundary values appropriate for map projection and map units, and appropriate "fuzzy" tolerances. There are no known arc or polygon attribute values outside the appropriate value domains.</evalMethDesc></report><report type="DQDomConsis"><evalMethDesc>Polygon and chain-node topology is present. The coverage was checked for complete chain-node topology (no dangling arcs, except where appropriate), polygon labels (one per polygon, except for universal polygon), boundary values appropriate for map projection and map units, and appropriate "fuzzy" tolerances. There are no known arc or polygon attribute values outside the appropriate value domains.</evalMethDesc></report><report type="DQConcConsis"><measDesc>Polygon and chain-node topology is present. The coverage was checked for complete chain-node topology (no dangling arcs, except where appropriate), polygon labels (one per polygon, except for universal polygon), boundary values appropriate for map projection and map units, and appropriate "fuzzy" tolerances. There are no known arc or polygon attribute values outside the appropriate value domains.</measDesc></report><report type="DQCompOm"><measDesc>This data set does not represent a complete collection of the location of mine shafts, slopes, and other openings. Lines delineate the approximate outer boundary of individual mines (if known) or general mined areas. Interior mine boundaries such as pillars or small blocks of unmined coal are commonly not depicted. Mines whose extent is not known or which only mined a few acres are not included in this coverage. Not all the attribute data available for these coal mine locations are included in this coverage. For more detailed information contact the Coal Section of the Illinois State Geological Survey.</measDesc></report><report type="DQQuanAttAcc"><measDesc>Attributes in this coverage are accurate with respect to the source data library. Contact the ISGS Coal Section for information regarding the accuracy of the source data library.</measDesc></report><report type="DQAbsExtPosAcc" dimension="horizontal"><measDesc>Horizontal positional accuracy is verified by visual comparison of source and hard copy plots. The source materials used are commonly paper copies (ozalid or hand traces) or microfilm prints of original mine maps supplied by mining companies or other parties. ISGS staff have not verified the accuracy or validity of the original source material. Some original maps are not drawn on a cartographic base. Due to the physical and cartographic quality of the source materials used, horizontal positions may be in error by 500 feet or more. For applications requiring precise horizontal accuracy, the original source maps should be consulted.</measDesc></report><dataLineage><prcStep><stepDesc>Mine outlines from completed Quadrangle Coal Mine Studies were included in this feature class if applicable. For a list of completed Quadrangle Coal Mine Studies please visit our website.</stepDesc></prcStep><dataSource><srcDesc>Outlines for mines and information on seam mined.</srcDesc><srcMedName><MedNameCd value="027"/></srcMedName><srcScale><rfDenom>0</rfDenom></srcScale><srcCitatn><resTitle>Map and Directory of Coal Mines in Illinois, County Series</resTitle><resAltTitle>none</resAltTitle><date><pubDate>1996-01-01</pubDate></date><citRespParty><rpOrgName>Bargh, M.H., C.G. Treworgy, et al.</rpOrgName><role><RoleCd value="006"/></role></citRespParty><citRespParty><rpOrgName>Illinois State Geologic Survey</rpOrgName><rpCntInfo><cntAddress><delPoint>Champaign, Illinois</delPoint></cntAddress></rpCntInfo><role><RoleCd value="010"/></role></citRespParty><presForm><fgdcGeoform>map and report</fgdcGeoform></presForm></srcCitatn><srcExt><exDesc>publication date</exDesc><tempEle><TempExtent><exTemp><TM_Instant><tmPosition>1997-01-01</tmPosition></TM_Instant></exTemp></TempExtent></tempEle></srcExt></dataSource><dataSource><srcDesc>Most updates to abandoned mines from these studies.</srcDesc><srcMedName><MedNameCd value="027"/></srcMedName><srcScale><rfDenom>0</rfDenom></srcScale><srcCitatn><resTitle>Directory of Coal Mines in Illinois, 7.5-Minute Quadrangle Series</resTitle><resAltTitle>none</resAltTitle><date><pubDate>1993-01-01</pubDate></date><citRespParty><rpOrgName>Bargh, M.H., C.G. Treworgy, et al.</rpOrgName><role><RoleCd value="006"/></role></citRespParty><citRespParty><rpOrgName>Illinois State Geologic Survey</rpOrgName><rpCntInfo><cntAddress><delPoint>Champaign, Illinois</delPoint></cntAddress></rpCntInfo><role><RoleCd value="010"/></role></citRespParty><presForm><fgdcGeoform>map and report</fgdcGeoform></presForm></srcCitatn><srcExt><exDesc>publication date</exDesc><tempEle><TempExtent><exTemp><TM_Instant><tmPosition>1997-01-01</tmPosition></TM_Instant></exTemp></TempExtent></tempEle></srcExt></dataSource><dataSource><srcDesc>mine outlines</srcDesc><srcMedName><MedNameCd value="027"/></srcMedName><srcScale><rfDenom>0</rfDenom></srcScale><srcCitatn><resTitle>Coal mine maps and other locational information</resTitle><resAltTitle>none</resAltTitle><citRespParty><rpOrgName>Various coal mine operators</rpOrgName><role><RoleCd value="006"/></role></citRespParty><presForm><PresFormCd value="006"/></presForm><presForm><fgdcGeoform>map</fgdcGeoform></presForm><otherCitDet>Contact the Coal Section of the Illinois State Geological Survey for detailed source map information. See Horizontal Positional Accuracy Report for a description of the various source maps used.</otherCitDet></srcCitatn><srcExt><exDesc>map production date</exDesc></srcExt></dataSource><prcStep><stepDesc>These data are stored in county by county tiles in the ISGS Coal Section GIS database. To prepare this statewide map, coal mine outlines from all county tiles containing this theme were joined. Much labor was expended checking "coal type" vs. mine polygons in the library coverages (e.g. coal type = "mined" vs. mined-area polygons) these were not always equivalent, and the pattern was not consistent from county to county. The best, or most reasonable outlines, were chosen for each county. -c.korose</stepDesc><stepDateTm>2001-01-01</stepDateTm></prcStep><prcStep><stepDesc>Joined coverage was edited to check for internal consistency and to add polygon labels.</stepDesc><stepDateTm>2001-01-01</stepDateTm></prcStep><prcStep><stepDesc>Coverage was dissolved to remove internal county lines from the individual mines, resulting in coverage m1640py to be consistent with coverages in separate county directories.</stepDesc><stepDateTm>2001-01-01</stepDateTm></prcStep><prcStep><stepDesc>TYPE_LABEL and SEAM attribute fields were added</stepDesc><stepDateTm>2005-01-01</stepDateTm></prcStep><prcStep><stepDesc>METHOD attribute field was added</stepDesc><stepDateTm>2009-01-01</stepDateTm></prcStep></dataLineage></dqInfo><spatRepInfo><VectSpatRep><geometObjs Name="all_coal_mines_py"><geoObjTyp><GeoObjTypCd value="002" Sync="TRUE"></GeoObjTypCd></geoObjTyp><geoObjCnt Sync="TRUE">5253</geoObjCnt></geometObjs><topLvl><TopoLevCd value="001" Sync="TRUE"></TopoLevCd></topLvl></VectSpatRep></spatRepInfo><eainfo><detailed Name="all_coal_mines_py" xmlns=""><enttyp><enttypl Sync="TRUE">all_coal_mines_py</enttypl><enttypt Sync="TRUE">Feature Class</enttypt><enttypc Sync="TRUE">5253</enttypc></enttyp><attr><attrlabl Sync="TRUE">FID</attrlabl><attalias Sync="TRUE">FID</attalias><attrtype Sync="TRUE">OID</attrtype><attwidth Sync="TRUE">4</attwidth><atprecis Sync="TRUE">0</atprecis><attscale Sync="TRUE">0</attscale><attrdef Sync="TRUE">Internal feature number.</attrdef><attrdefs Sync="TRUE">Esri</attrdefs><attrdomv><udom Sync="TRUE">Sequential unique whole numbers that are automatically generated.</udom></attrdomv></attr><attr xmlns=""><attrlabl>TYPE_LABEL</attrlabl><attrdef>Polygon type text label coinciding with type code.</attrdef><attalias Sync="TRUE">TYPE_LABEL</attalias><attrtype Sync="TRUE">String</attrtype><attwidth Sync="TRUE">254</attwidth><atprecis Sync="TRUE">0</atprecis><attscale Sync="TRUE">0</attscale></attr><attr xmlns=""><attrlabl>M_INDEX</attrlabl><attrdef>Unique ISGS identification number assigned to each mine. A polygon can represent up to three mines because of overlapping mines in different seams or surface mining through shallow underground mines, or due to changing mine ownership and/or permit status over time.</attrdef><attalias Sync="TRUE">M_INDEX</attalias><attrtype Sync="TRUE">SmallInteger</attrtype><attwidth Sync="TRUE">5</attwidth><atprecis Sync="TRUE">5</atprecis><attscale Sync="TRUE">0</attscale></attr><attr xmlns=""><attrlabl>TYPE</attrlabl><attrdef>Polygon code associated with M-INDEX.</attrdef><attrdomv><edom><edomv>K</edomv><edomvd>Unmined area within a mine</edomvd></edom><edom><edomv>H</edomv><edomvd>Auger mine</edomvd></edom><edom><edomv>B</edomv><edomvd>Indefinite mine boundary (surface mine)</edomvd></edom><edom><edomv>N</edomv><edomvd>Indefinite mine boundary (underground mine)</edomvd></edom><edom><edomv>L</edomv><edomvd>Underground mine</edomvd></edom><edom><edomv>M</edomv><edomvd>Surface mine</edomvd></edom><edom><edomv>A</edomv><edomvd>Unmined area between mines</edomvd></edom></attrdomv><attalias Sync="TRUE">TYPE</attalias><attrtype Sync="TRUE">String</attrtype><attwidth Sync="TRUE">1</attwidth><atprecis Sync="TRUE">0</atprecis><attscale Sync="TRUE">0</attscale></attr><attr xmlns=""><attrlabl Sync="TRUE">PIT</attrlabl><attalias Sync="TRUE">PIT</attalias><attrtype Sync="TRUE">SmallInteger</attrtype><attwidth Sync="TRUE">5</attwidth><atprecis Sync="TRUE">5</atprecis><attscale Sync="TRUE">0</attscale></attr><attr xmlns=""><attrlabl>Shape_Area</attrlabl><attrdef>Area of feature in internal units squared.</attrdef><attrdefs>ESRI</attrdefs><attrdomv><udom>Positive real numbers that are automatically generated.</udom></attrdomv><attalias Sync="TRUE">Shape_Area</attalias><attrtype Sync="TRUE">Double</attrtype><attwidth Sync="TRUE">19</attwidth><atprecis Sync="TRUE">0</atprecis><attscale Sync="TRUE">0</attscale></attr><attr xmlns=""><attrlabl>SHAPE</attrlabl><attrdef>Feature geometry.</attrdef><attrdefs>ESRI</attrdefs><attrdomv><udom>Coordinates defining the features.</udom></attrdomv><attalias Sync="TRUE">Shape</attalias><attrtype Sync="TRUE">Geometry</attrtype><attwidth Sync="TRUE">0</attwidth><atprecis Sync="TRUE">0</atprecis><attscale Sync="TRUE">0</attscale></attr><attr xmlns=""><attrlabl Sync="TRUE">M_INDEX2</attrlabl><attalias Sync="TRUE">M_INDEX2</attalias><attrtype Sync="TRUE">SmallInteger</attrtype><attwidth Sync="TRUE">5</attwidth><atprecis Sync="TRUE">5</atprecis><attscale Sync="TRUE">0</attscale></attr><attr xmlns=""><attrlabl Sync="TRUE">TYPE2</attrlabl><attalias Sync="TRUE">TYPE2</attalias><attrtype Sync="TRUE">String</attrtype><attwidth Sync="TRUE">1</attwidth><atprecis Sync="TRUE">0</atprecis><attscale Sync="TRUE">0</attscale></attr><attr xmlns=""><attrlabl Sync="TRUE">METHOD2</attrlabl><attalias Sync="TRUE">METHOD2</attalias><attrtype Sync="TRUE">String</attrtype><attwidth Sync="TRUE">1</attwidth><atprecis Sync="TRUE">0</atprecis><attscale Sync="TRUE">0</attscale></attr><attr xmlns=""><attrlabl Sync="TRUE">M_INDEX3</attrlabl><attalias Sync="TRUE">M_INDEX3</attalias><attrtype Sync="TRUE">SmallInteger</attrtype><attwidth Sync="TRUE">5</attwidth><atprecis Sync="TRUE">5</atprecis><attscale Sync="TRUE">0</attscale></attr><attr xmlns=""><attrlabl Sync="TRUE">TYPE3</attrlabl><attalias Sync="TRUE">TYPE3</attalias><attrtype Sync="TRUE">String</attrtype><attwidth Sync="TRUE">1</attwidth><atprecis Sync="TRUE">0</atprecis><attscale Sync="TRUE">0</attscale></attr><attr xmlns=""><attrlabl Sync="TRUE">METHOD3</attrlabl><attalias Sync="TRUE">METHOD3</attalias><attrtype Sync="TRUE">String</attrtype><attwidth Sync="TRUE">1</attwidth><atprecis Sync="TRUE">0</atprecis><attscale Sync="TRUE">0</attscale></attr><attr xmlns=""><attrlabl Sync="TRUE">COUNTY</attrlabl><attalias Sync="TRUE">COUNTY</attalias><attrtype Sync="TRUE">SmallInteger</attrtype><attwidth Sync="TRUE">5</attwidth><atprecis Sync="TRUE">5</atprecis><attscale Sync="TRUE">0</attscale></attr><attr xmlns=""><attrlabl Sync="TRUE">FILLCODE</attrlabl><attalias Sync="TRUE">FILLCODE</attalias><attrtype Sync="TRUE">SmallInteger</attrtype><attwidth Sync="TRUE">5</attwidth><atprecis Sync="TRUE">5</atprecis><attscale Sync="TRUE">0</attscale></attr><attr xmlns=""><attrlabl Sync="TRUE">POSACC</attrlabl><attalias Sync="TRUE">POSACC</attalias><attrtype Sync="TRUE">SmallInteger</attrtype><attwidth Sync="TRUE">5</attwidth><atprecis Sync="TRUE">5</atprecis><attscale Sync="TRUE">0</attscale></attr><attr xmlns=""><attrlabl>SEAM</attrlabl><attrdef>Name of coal seam which was mined</attrdef><attalias Sync="TRUE">SEAM</attalias><attrtype Sync="TRUE">String</attrtype><attwidth Sync="TRUE">254</attwidth><atprecis Sync="TRUE">0</atprecis><attscale Sync="TRUE">0</attscale></attr><attr xmlns=""><attrlabl>ACTIVE</attrlabl><attrdomv><edom><edomv>N</edomv><edomvd>Inactive mine or inactive strip pit</edomvd></edom><edom><edomv>Y</edomv><edomvd>Active mine or active strip pit</edomvd></edom></attrdomv><attalias Sync="TRUE">ACTIVE</attalias><attrtype Sync="TRUE">String</attrtype><attwidth Sync="TRUE">254</attwidth><atprecis Sync="TRUE">0</atprecis><attscale Sync="TRUE">0</attscale></attr><attr xmlns=""><attrlabl>METHOD</attrlabl><attrdef>Not all polygons will have a method associated with them. Method only available for mine outlines contained within completed Quadrangle Coal Mine Maps. This is an ongoing study.</attrdef><attrdomv><edom xmlns=""><edomv>L</edomv><edomvd>Highwall mining</edomvd></edom><edom xmlns=""><edomv>B</edomv><edomvd>Room and pillar basic</edomvd></edom><edom xmlns=""><edomv>C</edomv><edomvd>Modified room and pillar</edomvd></edom><edom xmlns=""><edomv>F</edomv><edomvd>Checkerboard room and pillar</edomvd></edom><edom xmlns=""><edomv>I</edomv><edomvd>Underground mine, method unknown</edomvd></edom><edom xmlns=""><edomv>K</edomv><edomvd>Not mined area within a mine</edomvd></edom><edom xmlns=""><edomv>J</edomv><edomvd>Surface mine</edomvd></edom><edom xmlns=""><edomv>H</edomv><edomvd>Longwall</edomvd></edom><edom xmlns=""><edomv>G</edomv><edomvd>High extraction retreat</edomvd></edom><edom xmlns=""><edomv>D</edomv><edomvd>Room and pillar panel</edomvd></edom><edom xmlns=""><edomv>N</edomv><edomvd>General area of mining</edomvd></edom><edom xmlns=""><edomv>E</edomv><edomvd>Blind room and pillar</edomvd></edom><edom xmlns=""><edomv>A</edomv><edomvd>Room and pillar</edomvd></edom><edom xmlns=""><edomv>M</edomv><edomvd>Mechanical Longwall</edomvd></edom></attrdomv><attalias Sync="TRUE">METHOD</attalias><attrtype Sync="TRUE">String</attrtype><attwidth Sync="TRUE">1</attwidth><atprecis Sync="TRUE">0</atprecis><attscale Sync="TRUE">0</attscale></attr><attr><attrlabl Sync="TRUE">METHOD_LAB</attrlabl><attalias Sync="TRUE">METHOD_LAB</attalias><attrtype Sync="TRUE">String</attrtype><attwidth Sync="TRUE">40</attwidth><atprecis Sync="TRUE">0</atprecis><attscale Sync="TRUE">0</attscale></attr><attr xmlns=""><attrlabl Sync="TRUE">POST_LAW</attrlabl><attalias Sync="TRUE">POST_LAW</attalias><attrtype Sync="TRUE">String</attrtype><attwidth Sync="TRUE">254</attwidth><atprecis Sync="TRUE">0</atprecis><attscale Sync="TRUE">0</attscale><attrdef>Yes/no field reflects if mining took place before 1983 regulations</attrdef></attr><attr><attrlabl Sync="TRUE">map_date</attrlabl><attalias Sync="TRUE">map_date</attalias><attrtype Sync="TRUE">SmallInteger</attrtype><attwidth Sync="TRUE">5</attwidth><atprecis Sync="TRUE">5</atprecis><attscale Sync="TRUE">0</attscale></attr><attr><attrlabl Sync="TRUE">map_83</attrlabl><attalias Sync="TRUE">map_83</attalias><attrtype Sync="TRUE">String</attrtype><attwidth Sync="TRUE">254</attwidth><atprecis Sync="TRUE">0</atprecis><attscale Sync="TRUE">0</attscale></attr><attr><attrlabl Sync="TRUE">prelaw</attrlabl><attalias Sync="TRUE">prelaw</attalias><attrtype Sync="TRUE">String</attrtype><attwidth Sync="TRUE">254</attwidth><atprecis Sync="TRUE">0</atprecis><attscale Sync="TRUE">0</attscale></attr><attr><attrlabl Sync="TRUE">Index_4dig</attrlabl><attalias Sync="TRUE">Index_4dig</attalias><attrtype Sync="TRUE">String</attrtype><attwidth Sync="TRUE">254</attwidth><atprecis Sync="TRUE">0</atprecis><attscale Sync="TRUE">0</attscale></attr><attr><attrlabl Sync="TRUE">created_us</attrlabl><attalias Sync="TRUE">created_us</attalias><attrtype Sync="TRUE">String</attrtype><attwidth Sync="TRUE">254</attwidth><atprecis Sync="TRUE">0</atprecis><attscale Sync="TRUE">0</attscale></attr><attr><attrlabl Sync="TRUE">created_da</attrlabl><attalias Sync="TRUE">created_da</attalias><attrtype Sync="TRUE">Date</attrtype><attwidth Sync="TRUE">8</attwidth><atprecis Sync="TRUE">0</atprecis><attscale Sync="TRUE">0</attscale></attr><attr><attrlabl Sync="TRUE">last_edite</attrlabl><attalias Sync="TRUE">last_edite</attalias><attrtype Sync="TRUE">String</attrtype><attwidth Sync="TRUE">254</attwidth><atprecis Sync="TRUE">0</atprecis><attscale Sync="TRUE">0</attscale></attr><attr><attrlabl Sync="TRUE">last_edi_1</attrlabl><attalias Sync="TRUE">last_edi_1</attalias><attrtype Sync="TRUE">Date</attrtype><attwidth Sync="TRUE">8</attwidth><atprecis Sync="TRUE">0</atprecis><attscale Sync="TRUE">0</attscale></attr><attr><attrlabl Sync="TRUE">ACRES</attrlabl><attalias Sync="TRUE">ACRES</attalias><attrtype Sync="TRUE">Double</attrtype><attwidth Sync="TRUE">19</attwidth><atprecis Sync="TRUE">0</atprecis><attscale Sync="TRUE">0</attscale></attr><attr><attrlabl Sync="TRUE">Shape_Leng</attrlabl><attalias Sync="TRUE">Shape_Leng</attalias><attrtype Sync="TRUE">Double</attrtype><attwidth Sync="TRUE">19</attwidth><atprecis Sync="TRUE">0</atprecis><attscale Sync="TRUE">0</attscale></attr><attr><attrlabl Sync="TRUE">AREA</attrlabl><attalias Sync="TRUE">AREA</attalias><attrtype Sync="TRUE">Single</attrtype><attwidth Sync="TRUE">13</attwidth><atprecis Sync="TRUE">0</atprecis><attscale Sync="TRUE">0</attscale></attr></detailed></eainfo><mdHrLvName Sync="TRUE">dataset</mdHrLvName><refSysInfo><RefSystem><refSysID><identCode code="0" Sync="TRUE"/></refSysID></RefSystem></refSysInfo><spdoinfo><ptvctinf><esriterm Name="all_coal_mines_py"><efeatyp Sync="TRUE">Simple</efeatyp><efeageom code="4" Sync="TRUE"></efeageom><esritopo Sync="TRUE">FALSE</esritopo><efeacnt Sync="TRUE">5253</efeacnt><spindex Sync="TRUE">TRUE</spindex><linrefer Sync="TRUE">FALSE</linrefer></esriterm></ptvctinf></spdoinfo></metadata>
