<metadata xml:lang="en"><Esri><CreaDate>20140916</CreaDate><CreaTime>10394500</CreaTime><ArcGISFormat>1.0</ArcGISFormat><ArcGISstyle>North American Profile of ISO19115 2003</ArcGISstyle><SyncOnce>FALSE</SyncOnce><DataProperties><itemProps><itemLocation><linkage Sync="TRUE">file://\\ISGS-MYERS\C$\Users\amyers76\Desktop\earth_mri\phase_3\all-coal-mines\all_coal_mines_pt.shp</linkage><protocol Sync="TRUE">Local Area Network</protocol></itemLocation><itemName Sync="TRUE">all_coal_mines_pt</itemName><nativeExtBox><westBL Sync="TRUE">2527508.000122</westBL><eastBL Sync="TRUE">3557953.021301</eastBL><southBL Sync="TRUE">1596188.500122</southBL><northBL Sync="TRUE">3113175.250122</northBL><exTypeCode Sync="TRUE">1</exTypeCode></nativeExtBox><itemSize Sync="TRUE">0.199</itemSize><imsContentType Sync="TRUE">002</imsContentType></itemProps><copyHistory><copy source="\\sinkhole\coal\mines\quadrangle\tiles\statewide\m1640pt" dest="\\ISGS-MYERS\E$\statewide\moa_quad_covers\m1640pt" date="20130716" time="10054000"/></copyHistory><coordRef><type Sync="TRUE">Projected</type><geogcsn Sync="TRUE">GCS_North_American_1927</geogcsn><csUnits Sync="TRUE">Linear Unit: Foot_US (0.304801)</csUnits><projcsn Sync="TRUE">NAD_1927_Lambert_Conformal_Conic</projcsn><peXml Sync="TRUE">&lt;ProjectedCoordinateSystem xsi:type='typens:ProjectedCoordinateSystem' xmlns:xsi='http://www.w3.org/2001/XMLSchema-instance' xmlns:xs='http://www.w3.org/2001/XMLSchema' xmlns:typens='http://www.esri.com/schemas/ArcGIS/10.3'&gt;&lt;WKT&gt;PROJCS[&amp;quot;NAD_1927_Lambert_Conformal_Conic&amp;quot;,GEOGCS[&amp;quot;GCS_North_American_1927&amp;quot;,DATUM[&amp;quot;D_North_American_1927&amp;quot;,SPHEROID[&amp;quot;Clarke_1866&amp;quot;,6378206.4,294.9786982]],PRIMEM[&amp;quot;Greenwich&amp;quot;,0.0],UNIT[&amp;quot;Degree&amp;quot;,0.0174532925199433]],PROJECTION[&amp;quot;Lambert_Conformal_Conic&amp;quot;],PARAMETER[&amp;quot;False_Easting&amp;quot;,2999994.0],PARAMETER[&amp;quot;False_Northing&amp;quot;,0.0],PARAMETER[&amp;quot;Central_Meridian&amp;quot;,-89.5],PARAMETER[&amp;quot;Standard_Parallel_1&amp;quot;,33.0],PARAMETER[&amp;quot;Standard_Parallel_2&amp;quot;,45.0],PARAMETER[&amp;quot;Latitude_Of_Origin&amp;quot;,33.0],UNIT[&amp;quot;Foot_US&amp;quot;,0.3048006096012192]]&lt;/WKT&gt;&lt;XOrigin&gt;-118274100&lt;/XOrigin&gt;&lt;YOrigin&gt;-93411100&lt;/YOrigin&gt;&lt;XYScale&gt;37135708.509652883&lt;/XYScale&gt;&lt;ZOrigin&gt;-100000&lt;/ZOrigin&gt;&lt;ZScale&gt;10000&lt;/ZScale&gt;&lt;MOrigin&gt;-100000&lt;/MOrigin&gt;&lt;MScale&gt;10000&lt;/MScale&gt;&lt;XYTolerance&gt;0.0032808333333333331&lt;/XYTolerance&gt;&lt;ZTolerance&gt;0.001&lt;/ZTolerance&gt;&lt;MTolerance&gt;0.001&lt;/MTolerance&gt;&lt;HighPrecision&gt;true&lt;/HighPrecision&gt;&lt;/ProjectedCoordinateSystem&gt;</peXml></coordRef><lineage/></DataProperties><SyncDate>20201021</SyncDate><SyncTime>14020000</SyncTime><ModDate>20201021</ModDate><ModTime>14020000</ModTime><ArcGISProfile>FGDC</ArcGISProfile><scaleRange><minScale>150000000</minScale><maxScale>5000</maxScale></scaleRange></Esri><eainfo><detailed Name="all_coal_mines_pt"><enttyp><enttypl Sync="TRUE">all_coal_mines_pt</enttypl><enttypt Sync="TRUE">Feature Class</enttypt><enttypc Sync="TRUE">7436</enttypc></enttyp><attr><attrlabl Sync="TRUE">FID</attrlabl><attalias Sync="TRUE">FID</attalias><attrtype Sync="TRUE">OID</attrtype><attwidth Sync="TRUE">4</attwidth><atprecis Sync="TRUE">0</atprecis><attscale Sync="TRUE">0</attscale><attrdef Sync="TRUE">Internal feature number.</attrdef><attrdefs Sync="TRUE">Esri</attrdefs><attrdomv><udom Sync="TRUE">Sequential unique whole numbers that are automatically generated.</udom></attrdomv></attr><attr><attrlabl Sync="TRUE">Shape</attrlabl><attalias Sync="TRUE">Shape</attalias><attrtype Sync="TRUE">Geometry</attrtype><attwidth Sync="TRUE">0</attwidth><atprecis Sync="TRUE">0</atprecis><attscale Sync="TRUE">0</attscale><attrdef Sync="TRUE">Feature geometry.</attrdef><attrdefs Sync="TRUE">Esri</attrdefs><attrdomv><udom Sync="TRUE">Coordinates defining the features.</udom></attrdomv></attr><attr><attrlabl Sync="TRUE">M_INDEX</attrlabl><attalias Sync="TRUE">M_INDEX</attalias><attrtype Sync="TRUE">SmallInteger</attrtype><attwidth Sync="TRUE">5</attwidth><atprecis Sync="TRUE">5</atprecis><attscale Sync="TRUE">0</attscale></attr><attr><attrlabl Sync="TRUE">TYPE</attrlabl><attalias Sync="TRUE">TYPE</attalias><attrtype Sync="TRUE">String</attrtype><attwidth Sync="TRUE">1</attwidth><atprecis Sync="TRUE">0</atprecis><attscale Sync="TRUE">0</attscale></attr><attr><attrlabl Sync="TRUE">COUNTY</attrlabl><attalias Sync="TRUE">COUNTY</attalias><attrtype Sync="TRUE">SmallInteger</attrtype><attwidth Sync="TRUE">5</attwidth><atprecis Sync="TRUE">5</atprecis><attscale Sync="TRUE">0</attscale></attr><attr><attrlabl Sync="TRUE">POSACC</attrlabl><attalias Sync="TRUE">POSACC</attalias><attrtype Sync="TRUE">SmallInteger</attrtype><attwidth Sync="TRUE">5</attwidth><atprecis Sync="TRUE">5</atprecis><attscale Sync="TRUE">0</attscale></attr><attr><attrlabl Sync="TRUE">TYPE_LABEL</attrlabl><attalias Sync="TRUE">TYPE_LABEL</attalias><attrtype Sync="TRUE">String</attrtype><attwidth Sync="TRUE">254</attwidth><atprecis Sync="TRUE">0</atprecis><attscale Sync="TRUE">0</attscale></attr><attr><attrlabl Sync="TRUE">ACTIVE</attrlabl><attalias Sync="TRUE">ACTIVE</attalias><attrtype Sync="TRUE">String</attrtype><attwidth Sync="TRUE">254</attwidth><atprecis Sync="TRUE">0</atprecis><attscale Sync="TRUE">0</attscale></attr><attr><attrlabl Sync="TRUE">SEAM</attrlabl><attalias Sync="TRUE">SEAM</attalias><attrtype Sync="TRUE">String</attrtype><attwidth Sync="TRUE">254</attwidth><atprecis Sync="TRUE">0</atprecis><attscale Sync="TRUE">0</attscale></attr><attr><attrlabl Sync="TRUE">POST_LAW</attrlabl><attalias Sync="TRUE">POST_LAW</attalias><attrtype Sync="TRUE">String</attrtype><attwidth Sync="TRUE">254</attwidth><atprecis Sync="TRUE">0</atprecis><attscale Sync="TRUE">0</attscale></attr><attr><attrlabl Sync="TRUE">map_date</attrlabl><attalias Sync="TRUE">map_date</attalias><attrtype Sync="TRUE">SmallInteger</attrtype><attwidth Sync="TRUE">5</attwidth><atprecis Sync="TRUE">5</atprecis><attscale Sync="TRUE">0</attscale></attr><attr><attrlabl Sync="TRUE">Index_4dig</attrlabl><attalias Sync="TRUE">Index_4dig</attalias><attrtype Sync="TRUE">String</attrtype><attwidth Sync="TRUE">254</attwidth><atprecis Sync="TRUE">0</atprecis><attscale Sync="TRUE">0</attscale></attr><attr><attrlabl Sync="TRUE">created_us</attrlabl><attalias Sync="TRUE">created_us</attalias><attrtype Sync="TRUE">String</attrtype><attwidth Sync="TRUE">254</attwidth><atprecis Sync="TRUE">0</atprecis><attscale Sync="TRUE">0</attscale></attr><attr><attrlabl Sync="TRUE">created_da</attrlabl><attalias Sync="TRUE">created_da</attalias><attrtype Sync="TRUE">Date</attrtype><attwidth Sync="TRUE">8</attwidth><atprecis Sync="TRUE">0</atprecis><attscale Sync="TRUE">0</attscale></attr><attr><attrlabl Sync="TRUE">last_edite</attrlabl><attalias Sync="TRUE">last_edite</attalias><attrtype Sync="TRUE">String</attrtype><attwidth Sync="TRUE">254</attwidth><atprecis Sync="TRUE">0</atprecis><attscale Sync="TRUE">0</attscale></attr><attr><attrlabl Sync="TRUE">last_edi_1</attrlabl><attalias Sync="TRUE">last_edi_1</attalias><attrtype Sync="TRUE">Date</attrtype><attwidth Sync="TRUE">8</attwidth><atprecis Sync="TRUE">0</atprecis><attscale Sync="TRUE">0</attscale></attr></detailed></eainfo><mdLang><languageCode value="eng"/><countryCode value="USA" Sync="TRUE"/></mdLang><mdChar><CharSetCd value="004"/></mdChar><mdHrLv><ScopeCd value="005"/></mdHrLv><mdStanName>ArcGIS Metadata</mdStanName><mdStanVer>1.0</mdStanVer><dataIdInfo><envirDesc Sync="TRUE"> Version 6.2 (Build 9200) ; Esri ArcGIS 10.3.1.4959</envirDesc><dataLang><languageCode value="eng" Sync="TRUE"/><countryCode value="USA" Sync="TRUE"/></dataLang><idCitation><resTitle Sync="TRUE">all_coal_mines_pt</resTitle><presForm><PresFormCd value="005" Sync="TRUE"/></presForm></idCitation><spatRpType><SpatRepTypCd value="001" Sync="TRUE"/></spatRpType><dataExt><geoEle xmlns=""><GeoBndBox esriExtentType="search"><exTypeCode Sync="TRUE">1</exTypeCode><westBL Sync="TRUE">-91.234619</westBL><eastBL Sync="TRUE">-87.451686</eastBL><northBL Sync="TRUE">41.585033</northBL><southBL Sync="TRUE">37.382138</southBL></GeoBndBox></geoEle></dataExt><idPurp>These data were compiled by the ISGS for known underground and surface coal mines as well as underground industrial mineral mines. 
For more information including links to coal mine maps and informational directories, coal resource maps, and coal logs please see the County Coal Map Series 
(http://isgs.illinois.edu/research/coal/maps/county).</idPurp><idAbs>&lt;DIV STYLE="text-align:Left;"&gt;&lt;P&gt;&lt;SPAN&gt;Data Explanation&lt;/SPAN&gt;&lt;/P&gt;&lt;P&gt;&lt;SPAN&gt;These data were compiled by the ISGS for known underground and surface coal mines as well as underground industrial mineral mines. &lt;/SPAN&gt;&lt;/P&gt;&lt;P&gt;&lt;SPAN&gt;For more information including links to coal mine maps and informational directories, coal resource maps, and coal logs please see the County Coal Map Series &lt;/SPAN&gt;&lt;/P&gt;&lt;P&gt;&lt;SPAN&gt;(http://isgs.illinois.edu/research/coal/maps/county).&lt;/SPAN&gt;&lt;/P&gt;&lt;P&gt;&lt;SPAN /&gt;&lt;/P&gt;&lt;P&gt;&lt;SPAN&gt;The underground coal mine points consist of mine entrances and may also contain uncertain underground mine locations. &lt;/SPAN&gt;&lt;/P&gt;&lt;P&gt;&lt;SPAN&gt;The underground mine proximity region incorporates coal mines as well as industrial mineral mines, and it was calculated &lt;/SPAN&gt;&lt;/P&gt;&lt;P&gt;&lt;SPAN&gt;and constructed using the methodology outlined in ISGS Circular 575 (http://isgs.illinois.edu/publications/c575). &lt;/SPAN&gt;&lt;/P&gt;&lt;P&gt;&lt;SPAN&gt;These generalized areas are not meant to replace site-specific studies; they conservatively illustrate areas overlying &lt;/SPAN&gt;&lt;/P&gt;&lt;P&gt;&lt;SPAN&gt;and adjacent to underground coal and industrial mineral mines that may potentially be exposed to subsidence based on &lt;/SPAN&gt;&lt;/P&gt;&lt;P&gt;&lt;SPAN&gt;1) angle of draw from the edge of the underground workings up to the land surface, and &lt;/SPAN&gt;&lt;/P&gt;&lt;P&gt;&lt;SPAN&gt;2) potential inaccuracy or uncertainty in mine boundary locations. &lt;/SPAN&gt;&lt;/P&gt;&lt;P&gt;&lt;SPAN&gt;Please see ISGS Circular 575. for a full explanation. Areas outside the proximity region also could be undermined. &lt;/SPAN&gt;&lt;/P&gt;&lt;P&gt;&lt;SPAN&gt;Old, undocumented mine openings have been discovered in many parts of the state. However, most undocumented mines were &lt;/SPAN&gt;&lt;/P&gt;&lt;P&gt;&lt;SPAN&gt;prospect pits or short-term operations that undermined only a few acres.&lt;/SPAN&gt;&lt;/P&gt;&lt;P&gt;&lt;SPAN /&gt;&lt;/P&gt;&lt;P&gt;&lt;SPAN&gt;The maps and digital files used for this study were compiled from data obtained from a variety of public and private sources&lt;/SPAN&gt;&lt;/P&gt;&lt;P&gt;&lt;SPAN&gt; and have varying degrees of completeness and accuracy. They present reasonable interpretations of the geology of the area and &lt;/SPAN&gt;&lt;/P&gt;&lt;P&gt;&lt;SPAN&gt;are based on available data. Locations of some features may be offset by 500 feet or more due to errors in the original source maps, &lt;/SPAN&gt;&lt;/P&gt;&lt;P&gt;&lt;SPAN&gt;the compilation process, digitizing, or a combination of these factors. These data are not intended for use in site-specific screening or decision-making.&lt;/SPAN&gt;&lt;/P&gt;&lt;P&gt;&lt;SPAN /&gt;&lt;/P&gt;&lt;P&gt;&lt;SPAN&gt;If you believe that you have mine subsidence contact your insurance company and download:  &lt;/SPAN&gt;&lt;/P&gt;&lt;P&gt;&lt;SPAN&gt;Mine Subsidence in Illinois: Facts for Homeowners - Circular 569, 2013, &lt;/SPAN&gt;&lt;/P&gt;&lt;P&gt;&lt;SPAN&gt;http://library.isgs.illinois.edu/Pubs/pdfs/circulars/c569-2013.pdf&lt;/SPAN&gt;&lt;/P&gt;&lt;P&gt;&lt;SPAN /&gt;&lt;/P&gt;&lt;P&gt;&lt;SPAN&gt;Data Disclaimer&lt;/SPAN&gt;&lt;/P&gt;&lt;P&gt;&lt;SPAN /&gt;&lt;/P&gt;&lt;P&gt;&lt;SPAN&gt;The Illinois State Geological Survey and the University of Illinois make no guarantee, expressed or implied, regarding the correctness of the interpretations presented in this data set and accept no liability for the consequences of decisions made by others on the basis of the information presented here.&lt;/SPAN&gt;&lt;/P&gt;&lt;P&gt;&lt;SPAN /&gt;&lt;/P&gt;&lt;P&gt;&lt;SPAN&gt;ISGS Terms of Use&lt;/SPAN&gt;&lt;/P&gt;&lt;P&gt;&lt;SPAN&gt;http://isgs.illinois.edu/terms-use&lt;/SPAN&gt;&lt;/P&gt;&lt;P&gt;&lt;SPAN /&gt;&lt;/P&gt;&lt;P&gt;&lt;SPAN&gt;University of Illinois web privacy&lt;/SPAN&gt;&lt;/P&gt;&lt;P&gt;&lt;SPAN&gt;https://www.vpaa.uillinois.edu/resources/web_privacy&lt;/SPAN&gt;&lt;/P&gt;&lt;P&gt;&lt;SPAN /&gt;&lt;/P&gt;&lt;P&gt;&lt;SPAN&gt;Question/Contact&lt;/SPAN&gt;&lt;/P&gt;&lt;P&gt;&lt;SPAN&gt;ilmines@isgs.illinois.edu&lt;/SPAN&gt;&lt;/P&gt;&lt;/DIV&gt;</idAbs></dataIdInfo><distInfo><distFormat><formatName Sync="TRUE">Shapefile</formatName></distFormat><distTranOps><transSize Sync="TRUE">0.199</transSize></distTranOps></distInfo><mdHrLvName Sync="TRUE">dataset</mdHrLvName><refSysInfo><RefSystem><refSysID><identCode code="0" Sync="TRUE"/></refSysID></RefSystem></refSysInfo><spatRepInfo><VectSpatRep><geometObjs Name="all_coal_mines_pt"><geoObjTyp><GeoObjTypCd value="004" Sync="TRUE"></GeoObjTypCd></geoObjTyp><geoObjCnt Sync="TRUE">7436</geoObjCnt></geometObjs><topLvl><TopoLevCd value="001" Sync="TRUE"></TopoLevCd></topLvl></VectSpatRep></spatRepInfo><spdoinfo><ptvctinf><esriterm Name="all_coal_mines_pt"><efeatyp Sync="TRUE">Simple</efeatyp><efeageom code="1" Sync="TRUE"></efeageom><esritopo Sync="TRUE">FALSE</esritopo><efeacnt Sync="TRUE">7436</efeacnt><spindex Sync="TRUE">TRUE</spindex><linrefer Sync="TRUE">FALSE</linrefer></esriterm></ptvctinf></spdoinfo><mdDateSt Sync="TRUE">20201021</mdDateSt></metadata>
